Nume Afacere,Pagina Facebook,Snippet
Belle Vie Salon | Brasov,https://www.facebook.com/BelleVieSalonBrasov/,"Belle Vie Salon, Brasov. 1,853 likes · 10 talking about this · 692 were here. Salon situat în zona centrală in Braşov, vă oferă servicii de cea mai bună calitate de coafor, cosmetică, make-up,..."
Refresh hair salon | Brasov,https://www.facebook.com/RHrefreshhairsalon/,"Refresh hair salon, Brasov. 4,764 likes · 11 talking about this · 333 were here. Oferim servicii de coafor, make-up, pensat/vopsit sprancene, laminare gene/sprancene, cosmetica, epilare definitiva,..."
LD Glam - Beauty Salon Brașov | Brasov,https://www.facebook.com/100093117987905/,"1. Accesezi site ul nostru www.ld-glam-beauty-salon. ro 2. Deschizi meniul din stanga sus (cele 3 linii) 3. Apesi pe sectiunea ""Servicii LD Glam"" 4. Alegi categoria de servicii dorita (Gene, Sprancene, Manichiura, etc) 5. Citiesti informatiile procedurii dorite si apesi butonul ""PROGRAMEAZA"" 6."
Salon Lussio Brașov | Brasov,https://www.facebook.com/100095140917515/,"Salon Lussio Brașov, Brasov. 488 likes · 22 talking about this · 296 were here. Look your best!"
Salon Andre Stil | Brasov,https://www.facebook.com/andrestilsalon/,"Salon Andre Stil, Brasov. 5,091 likes · 151 talking about this · 1,508 were here. The best artistic salon in Brasov"
Salon De Frumusețe - Evelin.Green.Salon | Brasov,https://www.facebook.com/evelin.green.salon/,"Salon De Frumusețe - Evelin.Green.Salon, Brasov. 1,206 likes · 18 talking about this · 340 were here. EVELIN-GREEN-SALON și-a deschis larg ușile pentru a oferi servicii de calitate, atmosferă plăcut"
L'exotique Beauty Salon | Brasov,https://www.facebook.com/Lexotiquebeautysalon/,"L'exotique Beauty Salon, Brasov. 9,316 likes · 79 talking about this · 246 were here. Salon de înfrumusețare Mixte * European & African Hairstyles * Cosmetica * Manichiura * Makeup"
KARMA beauty salon | Brasov,https://www.facebook.com/profile.php/,"KARMA beauty salon, Brasov. 950 likes · 3 talking about this. Coafeza este femeia care aranjează coroana altei femei, fără sa spună lumii ca era strâmbă."
Salon Cosmetică Claudia | Brasov,https://www.facebook.com/saloncosmeticaclaudiabrasov/,"Salon Cosmetică Claudia, Brasov. 282 likes · 15 were here. Frumusețea este naturală, dar trebuie întreținută...."
